47628,C12H15N5O4,data/compound/structure/47628.sdf
47576,C26H28Cl2N4O4,data/compound/structure/47576.sdf
47538,C12H17NO2,data/compound/structure/47538.sdf
47537,C12H18ClNO2,data/compound/structure/47537.sdf
47456,C15H24N2O3S,data/compound/structure/47456.sdf
47395,C15H27NO4,data/compound/structure/47395.sdf
47376,C10H19N,data/compound/structure/47376.sdf
47366,C12H11Cl5O,data/compound/structure/47366.sdf
47356,C13H12F3NO,data/compound/structure/47356.sdf
47324,C24H30N2O8,data/compound/structure/47324.sdf
47296,C14H24N6O4,data/compound/structure/47296.sdf
47292,C15H14N2O,data/compound/structure/47292.sdf
47167,C17H24O,data/compound/structure/47167.sdf
44643,C22H34Cl2N2O,data/compound/structure/44643.sdf
44581,C19H23N3O,data/compound/structure/44581.sdf
44493,C14H11NO6,data/compound/structure/44493.sdf
43938,C17H15N3O4,data/compound/structure/43938.sdf
42423,C18H18ClNO2,data/compound/structure/42423.sdf
42219,C28H40BrN3O3,data/compound/structure/42219.sdf
40701,C18H36INO,data/compound/structure/40701.sdf
40694,C20H33NO4,data/compound/structure/40694.sdf
40111,C19H32ClNO2,data/compound/structure/40111.sdf
37752,C14H20Cl2N2O2,data/compound/structure/37752.sdf
36690,C19H22N2O3,data/compound/structure/36690.sdf
35152,C6H2Cl7N3,data/compound/structure/35152.sdf
35001,C9H6Cl3N5O2S,data/compound/structure/35001.sdf
32620,C10H15Cl3N4,data/compound/structure/32620.sdf
29904,C9H12ClNO,data/compound/structure/29904.sdf
29600,C20H24N2O3,data/compound/structure/29600.sdf
29329,C21H25NO,data/compound/structure/29329.sdf
28666,C8H7BrINO,data/compound/structure/28666.sdf
28033,C8H17N4O6P,data/compound/structure/28033.sdf
27983,C23H23F2NO4S,data/compound/structure/27983.sdf
27982,C2H6ClO3P,data/compound/structure/27982.sdf
27955,C10H16N2,data/compound/structure/27955.sdf
27856,C18H20ClN3O4,data/compound/structure/27856.sdf
27593,C13H12N2O2,data/compound/structure/27593.sdf
27581,C30H46Cl2N4O2+2,data/compound/structure/27581.sdf
27320,C23H28ClNO6,data/compound/structure/27320.sdf
27270,C12H17ClN2O2,data/compound/structure/27270.sdf
27263,C4H8Br2O2,data/compound/structure/27263.sdf
27218,C13H22BrNO2,data/compound/structure/27218.sdf
27205,C17H24O,data/compound/structure/27205.sdf
27200,C12H15Cl2NO5S,data/compound/structure/27200.sdf
27195,C13H10INO,data/compound/structure/27195.sdf
27131,Be2O4Si,data/compound/structure/27131.sdf
27052,AsHO3,data/compound/structure/27052.sdf
27047,C13H8N2O4,data/compound/structure/27047.sdf
26974,C29H37NO5,data/compound/structure/26974.sdf
26918,C14H9Cl2N3O3,data/compound/structure/26918.sdf
26908,C19H30N2,data/compound/structure/26908.sdf
26889,C8H8N2S,data/compound/structure/26889.sdf
26864,C11H9ClN2O2,data/compound/structure/26864.sdf
26797,C19H22N2O3,data/compound/structure/26797.sdf
26792,C15H23NO9,data/compound/structure/26792.sdf
26781,C13H18Cl2N2OS,data/compound/structure/26781.sdf
26773,C21H17IN4O4S2,data/compound/structure/26773.sdf
26727,C11H17N,data/compound/structure/26727.sdf
26697,C17H24O,data/compound/structure/26697.sdf
26689,C10H11ClO3,data/compound/structure/26689.sdf
26684,C16H20ClFN2O,data/compound/structure/26684.sdf
26645,C10H12ClNO3,data/compound/structure/26645.sdf
26564,C20H23FNO+,data/compound/structure/26564.sdf
26529,C6H15NO5S,data/compound/structure/26529.sdf
26307,C13H19NO3,data/compound/structure/26307.sdf
26302,C7H9Cl2N3O,data/compound/structure/26302.sdf
26224,C17H28N4OS,data/compound/structure/26224.sdf
26183,C13H18N2O4,data/compound/structure/26183.sdf
25791,C5H7N3O2,data/compound/structure/25791.sdf
25659,C21H18ClNO4,data/compound/structure/25659.sdf
25607,C7H3Cl5,data/compound/structure/25607.sdf
25595,C16H16Cl2N4O2,data/compound/structure/25595.sdf
25438,C35H54O14,data/compound/structure/25438.sdf
25293,C22H22ClF4NO2,data/compound/structure/25293.sdf
25271,C24H26ClNO2,data/compound/structure/25271.sdf
25152,C18H10BrNO3,data/compound/structure/25152.sdf
25122,LaN3O9,data/compound/structure/25122.sdf
25096,C44H43ClN2O8,data/compound/structure/25096.sdf
25068,C15H30O2,data/compound/structure/25068.sdf
25049,C8H2Co2O8,data/compound/structure/25049.sdf
25017,C14H15N5,data/compound/structure/25017.sdf
24985,C4H8Cl2Si,data/compound/structure/24985.sdf
24888,C32H48I2N2O4,data/compound/structure/24888.sdf
24836,C14H20O3,data/compound/structure/24836.sdf
24814,Cl3Sb,data/compound/structure/24814.sdf
24699,C21H42O4,data/compound/structure/24699.sdf
24376,C14H19O6P,data/compound/structure/24376.sdf
24368,C8H12Cl2N2O,data/compound/structure/24368.sdf
24320,C21H22ClN,data/compound/structure/24320.sdf
24254,C16H16,data/compound/structure/24254.sdf
24105,C7H9O3P,data/compound/structure/24105.sdf
24097,C20H37KO7S,data/compound/structure/24097.sdf
24087,S2Se,data/compound/structure/24087.sdf
24055,C11H10O,data/compound/structure/24055.sdf
24052,C17H20ClN,data/compound/structure/24052.sdf
24045,C10H12ClNO,data/compound/structure/24045.sdf
23927,H2Pb,data/compound/structure/23927.sdf
23825,C22H32O2,data/compound/structure/23825.sdf
23742,C5H6N2,data/compound/structure/23742.sdf
23733,C11H21KOS2,data/compound/structure/23733.sdf
23632,C12H15N,data/compound/structure/23632.sdf
23235,C13H18O2,data/compound/structure/23235.sdf
22529,C48H48N4O6S2,data/compound/structure/22529.sdf
22528,C17H22ClNO,data/compound/structure/22528.sdf
22472,C7H7KO5S,data/compound/structure/22472.sdf
22345,C10H5Cl2NO2,data/compound/structure/22345.sdf
22312,C16H10ClKN2O3,data/compound/structure/22312.sdf
22179,C18H19NO4,data/compound/structure/22179.sdf
22056,C22H26ClNO4,data/compound/structure/22056.sdf
22053,C5H15NOSi,data/compound/structure/22053.sdf
21993,C12H16S2,data/compound/structure/21993.sdf
21992,C10H12S2,data/compound/structure/21992.sdf
21965,C11H15Cl2NO3,data/compound/structure/21965.sdf
21961,C13HBrF10,data/compound/structure/21961.sdf
21956,C12H11NO3,data/compound/structure/21956.sdf
21947,C38H57N5O7,data/compound/structure/21947.sdf
21946,C46H58ClN3O9S,data/compound/structure/21946.sdf
21941,C27H33N3O6S,data/compound/structure/21941.sdf
21940,C7H6N4O,data/compound/structure/21940.sdf
21932,C15H23ClFNO3,data/compound/structure/21932.sdf
21928,C6H5ClSe,data/compound/structure/21928.sdf
21877,C22H28NO8P,data/compound/structure/21877.sdf
21872,C8H12O2,data/compound/structure/21872.sdf
21866,C7H14N2O4,data/compound/structure/21866.sdf
21848,C23H30O3,data/compound/structure/21848.sdf
21837,C11H10N2O3S,data/compound/structure/21837.sdf
21832,C13H26,data/compound/structure/21832.sdf
21831,C11H12S2,data/compound/structure/21831.sdf
21821,C17H14ClN3O2,data/compound/structure/21821.sdf
21808,C17H16N4,data/compound/structure/21808.sdf
21800,C28H37FO7,data/compound/structure/21800.sdf
21798,C15H14N2O3,data/compound/structure/21798.sdf
21754,C9H17Cl2NO2,data/compound/structure/21754.sdf
21653,C42H88N14O36S3,data/compound/structure/21653.sdf
21643,C4H4ClN3,data/compound/structure/21643.sdf
21607,C7H3Br2NO2,data/compound/structure/21607.sdf
21605,C10H8N4,data/compound/structure/21605.sdf
21600,C7H12N2O2,data/compound/structure/21600.sdf
21575,C8H7NO4,data/compound/structure/21575.sdf
21519,C22H14N4Na2O7S2,data/compound/structure/21519.sdf
21515,C18H19NO3S,data/compound/structure/21515.sdf
21440,C15H11NO4,data/compound/structure/21440.sdf
21427,C18H12BCl3O3,data/compound/structure/21427.sdf
21426,C54H105BO3,data/compound/structure/21426.sdf
21419,C12H8Cl2O,data/compound/structure/21419.sdf
21411,C7H4ClNS2,data/compound/structure/21411.sdf
21402,C14H12N2O2,data/compound/structure/21402.sdf
21392,C18H33NaO3,data/compound/structure/21392.sdf
21386,C6H6Cl3N3O2,data/compound/structure/21386.sdf
21378,C5H12NO+,data/compound/structure/21378.sdf
21311,C8H14N4O,data/compound/structure/21311.sdf
21288,C7H8N2O,data/compound/structure/21288.sdf
21286,C11H12ClN,data/compound/structure/21286.sdf
21124,C14H11ClN2O,data/compound/structure/21124.sdf
21106,C15H13FO2,data/compound/structure/21106.sdf
21032,C14H12N2OS,data/compound/structure/21032.sdf
20970,C3H6S2,data/compound/structure/20970.sdf
20964,C6HCl4NO3,data/compound/structure/20964.sdf
20913,C4H5N,data/compound/structure/20913.sdf
20887,C11H22N2O,data/compound/structure/20887.sdf
20877,C9H14ClN5,data/compound/structure/20877.sdf
20856,C19H24O2,data/compound/structure/20856.sdf
20820,C11H10N2O2S,data/compound/structure/20820.sdf
20713,C8H14O,data/compound/structure/20713.sdf
20692,C9H12N6,data/compound/structure/20692.sdf
20685,C18H26N4OS,data/compound/structure/20685.sdf
20679,C4H8N2O,data/compound/structure/20679.sdf
20666,C6H13NOS,data/compound/structure/20666.sdf
20647,C4H11Cl2N,data/compound/structure/20647.sdf
20634,C19H32,data/compound/structure/20634.sdf
20605,C21H25NO5,data/compound/structure/20605.sdf
20604,C21H26BrNO5,data/compound/structure/20604.sdf
20597,C4H6O3S,data/compound/structure/20597.sdf
20570,C14H13Cl3N2,data/compound/structure/20570.sdf
20515,C7H11ClN4O,data/compound/structure/20515.sdf
20512,C26H52,data/compound/structure/20512.sdf
20507,C10H10O4,data/compound/structure/20507.sdf
20498,C7H14O3,data/compound/structure/20498.sdf
20462,C8H11ClN4O,data/compound/structure/20462.sdf
20428,C40H27N7O13S4,data/compound/structure/20428.sdf
20374,C6H11ClO2,data/compound/structure/20374.sdf
20332,C16H14N2O2S,data/compound/structure/20332.sdf
20295,C6H5ClO3S,data/compound/structure/20295.sdf
20293,C21H24ClNO4S2,data/compound/structure/20293.sdf
20281,C19H39N2O3+,data/compound/structure/20281.sdf
20257,C23H22O2,data/compound/structure/20257.sdf
20240,C11H14O3,data/compound/structure/20240.sdf
20224,C8H6N2O6,data/compound/structure/20224.sdf
20221,C20H25N3O,data/compound/structure/20221.sdf
20164,C9H17O6PS,data/compound/structure/20164.sdf
20161,C10H12O3,data/compound/structure/20161.sdf
20148,C10H12O5,data/compound/structure/20148.sdf
20143,C11H14,data/compound/structure/20143.sdf
20141,C15H25ClN2O3,data/compound/structure/20141.sdf
20140,C8H17NO,data/compound/structure/20140.sdf
20127,C11H14,data/compound/structure/20127.sdf
20123,C4H10N4O4,data/compound/structure/20123.sdf
20121,C8H18N2O2,data/compound/structure/20121.sdf
20119,C11H17NO,data/compound/structure/20119.sdf
20108,C7H13N5,data/compound/structure/20108.sdf
20087,C16H26O,data/compound/structure/20087.sdf
20040,C14H20N2O5,data/compound/structure/20040.sdf
20027,C10H18O2S3,data/compound/structure/20027.sdf
20006,C11H17N,data/compound/structure/20006.sdf
34962,C11H3Cl9N4,data/compound/structure/34962.sdf
34871,C8H10ClN,data/compound/structure/34871.sdf
34864,C15H18N2O,data/compound/structure/34864.sdf
34803,C9H16ClN5O2,data/compound/structure/34803.sdf
34773,C7H14O2,data/compound/structure/34773.sdf
34753,C22H14O4,data/compound/structure/34753.sdf
34665,C5H6N2O2S,data/compound/structure/34665.sdf
34650,C15H24ClNO,data/compound/structure/34650.sdf
34496,C21H27N3O3,data/compound/structure/34496.sdf
34490,C11H17NO2,data/compound/structure/34490.sdf
34265,C30H63Cl3,data/compound/structure/34265.sdf
34252,C5H7F5N2,data/compound/structure/34252.sdf
34232,C21H14,data/compound/structure/34232.sdf
34227,C9H10N2O,data/compound/structure/34227.sdf
32642,C9H11Cl6N5,data/compound/structure/32642.sdf
32577,C18H28ClNO,data/compound/structure/32577.sdf
32573,C17H25Br2N,data/compound/structure/32573.sdf
32547,C15H24ClNO,data/compound/structure/32547.sdf
32424,C11H4Cl7N3S,data/compound/structure/32424.sdf
32337,C16H24N2O,data/compound/structure/32337.sdf
29221,C10H11ClN2O,data/compound/structure/29221.sdf
26523,C5H9N5O5,data/compound/structure/26523.sdf
24793,C15H16FNO2,data/compound/structure/24793.sdf
24216,C13H12O,data/compound/structure/24216.sdf
24204,H2NaO4P,data/compound/structure/24204.sdf
24182,ClHg,data/compound/structure/24182.sdf
24152,C8H18N2,data/compound/structure/24152.sdf
24018,C10H14O2,data/compound/structure/24018.sdf
23980,Er,data/compound/structure/23980.sdf
23899,C34H48Na2O7,data/compound/structure/23899.sdf
23890,C21H23NO6,data/compound/structure/23890.sdf
23889,C9H20O2,data/compound/structure/23889.sdf
23881,C30H60O4S2Sn-2,data/compound/structure/23881.sdf
23864,C15H20ClNOS,data/compound/structure/23864.sdf
23846,C8H17NO2,data/compound/structure/23846.sdf
22455,C27H38O7,data/compound/structure/22455.sdf
21976,C27H44ClNO8,data/compound/structure/21976.sdf
21160,C28H38Cl2N2,data/compound/structure/21160.sdf
20508,C8H16O,data/compound/structure/20508.sdf
20440,C7H11ClN4O,data/compound/structure/20440.sdf
20370,C10H20O3,data/compound/structure/20370.sdf
20194,C23H28Cl3N3O,data/compound/structure/20194.sdf
22524,C12H11N3O2,data/compound/structure/22524.sdf
24955,C4H4N2O,data/compound/structure/24955.sdf
26262,C6H10Cl2O,data/compound/structure/26262.sdf
21544,C9H10AsNO5,data/compound/structure/21544.sdf
47274,C15H25N2OS+,data/compound/structure/47274.sdf
20730,C21H12O,data/compound/structure/20730.sdf
24891,C30H44N2O4+2,data/compound/structure/24891.sdf
20523,C18H20N2O2,data/compound/structure/20523.sdf
24091,C24H50N2O,data/compound/structure/24091.sdf
44564,C11H6ClN3O6,data/compound/structure/44564.sdf
34868,C42H86N2O4+2,data/compound/structure/34868.sdf
40362,C16H27Cl3N2O2,data/compound/structure/40362.sdf
22331,C6H11ClS2,data/compound/structure/22331.sdf
40222,C20H28BrNO3,data/compound/structure/40222.sdf
26915,C21H17Cl2IN2S2,data/compound/structure/26915.sdf
47525,C8H20Pb,data/compound/structure/47525.sdf
24195,C13H24ClNO2,data/compound/structure/24195.sdf
24729,C24H31Cl5N2O8,data/compound/structure/24729.sdf
34528,C26H28,data/compound/structure/34528.sdf
25692,C15H23IN2O4,data/compound/structure/25692.sdf
41847,C13H19ClFN3O,data/compound/structure/41847.sdf
25014,C19H19ClN2O,data/compound/structure/25014.sdf
24206,C8H13N3,data/compound/structure/24206.sdf
26691,C15H24ClNO,data/compound/structure/26691.sdf
20939,C4HCl2N5,data/compound/structure/20939.sdf
33058,C16H16N2OS,data/compound/structure/33058.sdf
22991,C21H30ClNO2,data/compound/structure/22991.sdf
20402,C11H16O2,data/compound/structure/20402.sdf
26265,InN3O9,data/compound/structure/26265.sdf
32615,C9H10Cl6N4,data/compound/structure/32615.sdf
47346,C17H35NO,data/compound/structure/47346.sdf
32556,C16H29NO3,data/compound/structure/32556.sdf
47294,C9H14N4O,data/compound/structure/47294.sdf
47383,C16H28ClN,data/compound/structure/47383.sdf
47285,C12H18N2O3,data/compound/structure/47285.sdf
22162,C17H26ClNO3,data/compound/structure/22162.sdf
26252,C9H14O,data/compound/structure/26252.sdf
24345,HIO3,data/compound/structure/24345.sdf
20716,C11H11ClN2O3,data/compound/structure/20716.sdf
23999,FrH,data/compound/structure/23999.sdf
34573,C16H18N2O4,data/compound/structure/34573.sdf
21642,C6H11BrO,data/compound/structure/21642.sdf
21393,C3H7Br2O4P,data/compound/structure/21393.sdf
21689,C8H7Cl6N3S,data/compound/structure/21689.sdf
27034,C14H32N4O2+2,data/compound/structure/27034.sdf
25110,C18H19NO4,data/compound/structure/25110.sdf
20944,C24H56SSn2,data/compound/structure/20944.sdf
23541,C24H26N8,data/compound/structure/23541.sdf
42059,C12H17NO2,data/compound/structure/42059.sdf
31131,C16H34,data/compound/structure/31131.sdf
27625,C29H28N2O7,data/compound/structure/27625.sdf
47316,C18H14Cl4N4O4,data/compound/structure/47316.sdf
27522,C22H32Br2N4O4,data/compound/structure/27522.sdf
24126,C7H2ClN3O7,data/compound/structure/24126.sdf
20561,C21H23ClN2O2,data/compound/structure/20561.sdf
32356,C11H15N2NaO3,data/compound/structure/32356.sdf
22020,C32H41N3O2,data/compound/structure/22020.sdf
21209,C6H7ClN2,data/compound/structure/21209.sdf
47344,C24H25NO3,data/compound/structure/47344.sdf
22000,C14H12N+,data/compound/structure/22000.sdf
27924,C36H56O8,data/compound/structure/27924.sdf
21414,C20H42O,data/compound/structure/21414.sdf
25567,C18H20BrN,data/compound/structure/25567.sdf
47558,C22H24N2O2,data/compound/structure/47558.sdf
21936,C8H7Cl2N3O,data/compound/structure/21936.sdf
21195,C22H24ClNO5S,data/compound/structure/21195.sdf
34948,C8H13Cl2N5,data/compound/structure/34948.sdf
40742,C11H16N2,data/compound/structure/40742.sdf
23792,C13H16BrCl2NS,data/compound/structure/23792.sdf
21358,C8H19O4PS2,data/compound/structure/21358.sdf
26132,C8H5Cl3O,data/compound/structure/26132.sdf
22817,C13H11N,data/compound/structure/22817.sdf
44337,C9H8O6,data/compound/structure/44337.sdf
21105,C13H25N,data/compound/structure/21105.sdf
20895,C7H18ClN5,data/compound/structure/20895.sdf
20022,C22H29Cl3FN3O,data/compound/structure/20022.sdf
24104,C7H8NaO3P,data/compound/structure/24104.sdf
47375,C10H20ClN,data/compound/structure/47375.sdf
34712,C10H20O2,data/compound/structure/34712.sdf
26926,C12H15N2O4P,data/compound/structure/26926.sdf
20350,C8H12O2,data/compound/structure/20350.sdf
47279,C17H16ClNO3,data/compound/structure/47279.sdf
34723,C8H16O3,data/compound/structure/34723.sdf
24845,F4N2,data/compound/structure/24845.sdf
41691,C16H10O4,data/compound/structure/41691.sdf
24289,C2H4Cl3NO2,data/compound/structure/24289.sdf
20375,C5H6Cl4O2,data/compound/structure/20375.sdf
47306,C12H12N2O2S2,data/compound/structure/47306.sdf
23877,C15H9ClF2O,data/compound/structure/23877.sdf
47254,C18H30N2O4+2,data/compound/structure/47254.sdf
47330,C19H18N2O4,data/compound/structure/47330.sdf
32361,C20H27NO2,data/compound/structure/32361.sdf
20242,C24H30O6,data/compound/structure/20242.sdf
27050,C8H7NO3S,data/compound/structure/27050.sdf
42390,C16H13NaO3,data/compound/structure/42390.sdf
43709,C19H20ClNO4,data/compound/structure/43709.sdf
24063,C16H13N3O,data/compound/structure/24063.sdf
20845,C9H16O2,data/compound/structure/20845.sdf
23907,C12H20N2O2,data/compound/structure/23907.sdf
20663,C16H17ClN4O4,data/compound/structure/20663.sdf
23819,C8H20N6,data/compound/structure/23819.sdf
21969,C12H20B2CaO16,data/compound/structure/21969.sdf
20972,C14H32N2,data/compound/structure/20972.sdf
20336,C9H11N3OS,data/compound/structure/20336.sdf
21554,C8H8N2O4,data/compound/structure/21554.sdf
21277,C7H4Cl4,data/compound/structure/21277.sdf
26967,C3Br3N3,data/compound/structure/26967.sdf
21185,C20H28O3,data/compound/structure/21185.sdf
47277,C21H29N2O+,data/compound/structure/47277.sdf
47331,C19H19Cl2NO4,data/compound/structure/47331.sdf
21641,C8H10ClNO,data/compound/structure/21641.sdf
21869,C9H18O3,data/compound/structure/21869.sdf
20759,C9H10O2,data/compound/structure/20759.sdf
21196,C18H20ClNOS,data/compound/structure/21196.sdf
21268,C10H10O3,data/compound/structure/21268.sdf
47282,C12H12Br2N2,data/compound/structure/47282.sdf
20112,C5H10O2,data/compound/structure/20112.sdf
32641,C8H8Cl6N4O,data/compound/structure/32641.sdf
34816,C30H66I2N2,data/compound/structure/34816.sdf
23914,C17H16N2O,data/compound/structure/23914.sdf
47262,C23H38NNaO2,data/compound/structure/47262.sdf
47258,C12H19NO,data/compound/structure/47258.sdf
32667,C9H13Cl3N4,data/compound/structure/32667.sdf
24002,C7H6N2S2,data/compound/structure/24002.sdf
27494,C17H20N4O2,data/compound/structure/27494.sdf
32514,C18H23N3,data/compound/structure/32514.sdf
24145,C21H19NO3S,data/compound/structure/24145.sdf
23996,AtH,data/compound/structure/23996.sdf
23900,C34H50O7,data/compound/structure/23900.sdf
47318,C8H6N2S3,data/compound/structure/47318.sdf
32405,C16H18ClN3,data/compound/structure/32405.sdf
40371,C16H26N2O2,data/compound/structure/40371.sdf
34618,C20H22ClNO5,data/compound/structure/34618.sdf
34365,C10H8NNaO3S,data/compound/structure/34365.sdf
34625,C22H34BrNO,data/compound/structure/34625.sdf
24621,MoO4-2,data/compound/structure/24621.sdf
20941,C15H27N3,data/compound/structure/20941.sdf
24066,C9H13N3O3,data/compound/structure/24066.sdf
47263,C23H39NO2,data/compound/structure/47263.sdf
21218,C25H54ClN,data/compound/structure/21218.sdf
20068,C17H22N4O5,data/compound/structure/20068.sdf
20792,C2H7N3O,data/compound/structure/20792.sdf
32637,C10H10Cl6N4,data/compound/structure/32637.sdf
27204,C12H18N2O4,data/compound/structure/27204.sdf
21151,C8H18N2,data/compound/structure/21151.sdf
40361,C17H19NO2,data/compound/structure/40361.sdf
47248,C17H24N2O+2,data/compound/structure/47248.sdf
47385,C13H30ClN,data/compound/structure/47385.sdf
34287,C27H33N3O3,data/compound/structure/34287.sdf
26164,C12Br10,data/compound/structure/26164.sdf
26602,C13H18ClNO2,data/compound/structure/26602.sdf
20890,C5H13N5,data/compound/structure/20890.sdf
47286,C12H17N2NaO4,data/compound/structure/47286.sdf
47533,C16H24ClNO2,data/compound/structure/47533.sdf
20822,C16H30BaO4,data/compound/structure/20822.sdf
47268,C18H31N2O2+,data/compound/structure/47268.sdf
21485,C11H15Cl2NO,data/compound/structure/21485.sdf
47255,C11H21N,data/compound/structure/47255.sdf
24157,C13H23Cl2NO2,data/compound/structure/24157.sdf
23719,C6H7NO,data/compound/structure/23719.sdf
24062,C10H11ClO2,data/compound/structure/24062.sdf
47328,C19H19NO4,data/compound/structure/47328.sdf
20943,C16H18N2O4S2,data/compound/structure/20943.sdf
21201,C18H15N3O4S,data/compound/structure/21201.sdf
34634,C22H29Cl2N3O2,data/compound/structure/34634.sdf
24436,Na2O4S,data/compound/structure/24436.sdf
32523,C17H19NO2,data/compound/structure/32523.sdf
32610,C17H28N2O5,data/compound/structure/32610.sdf
21123,C4H9NO3,data/compound/structure/21123.sdf
29145,C4H9NO2S,data/compound/structure/29145.sdf
21828,C4H8S2,data/compound/structure/21828.sdf
47267,C18H31IN2O2,data/compound/structure/47267.sdf
26193,C19H22ClNO3,data/compound/structure/26193.sdf
26156,C9H9NS,data/compound/structure/26156.sdf
47253,C18H30Br2N2O4,data/compound/structure/47253.sdf
47138,C12H19N3OS,data/compound/structure/47138.sdf
47295,C10H18N6O2,data/compound/structure/47295.sdf
25132,C10H16O,data/compound/structure/25132.sdf
47287,C12H18N2O4,data/compound/structure/47287.sdf
47289,C10H13N3O2,data/compound/structure/47289.sdf
21455,C10H15NO2Si,data/compound/structure/21455.sdf
21456,C7H15NO3,data/compound/structure/21456.sdf
34270,C2H6KO3PS,data/compound/structure/34270.sdf
20784,C19H21NO2,data/compound/structure/20784.sdf
21206,C16H32O2,data/compound/structure/21206.sdf
24287,Cl4Sn,data/compound/structure/24287.sdf
40001,C13H14I3NO3,data/compound/structure/40001.sdf
32640,C8H8Cl6N4O,data/compound/structure/32640.sdf
24902,C30H42Cl2N2,data/compound/structure/24902.sdf
35957,C10H19N5O2,data/compound/structure/35957.sdf
47369,C12H12O4,data/compound/structure/47369.sdf
38321,C12H15NO2,data/compound/structure/38321.sdf
31862,C12H17N,data/compound/structure/31862.sdf
20268,C14H13ClN4O3,data/compound/structure/20268.sdf
37707,C13H16ClNO6,data/compound/structure/37707.sdf
37303,C15H24N2O,data/compound/structure/37303.sdf
47305,C10H8N2O2S2,data/compound/structure/47305.sdf
47308,C18H18N2O5S,data/compound/structure/47308.sdf
47307,C12H12N2O4S2,data/compound/structure/47307.sdf
31865,C19H16ClFN3NaO4S2,data/compound/structure/31865.sdf
47249,C14H20BrClN2,data/compound/structure/47249.sdf
24000,H3In,data/compound/structure/24000.sdf
47539,C14H22ClNO2,data/compound/structure/47539.sdf
22522,C9H18Cl3O4P,data/compound/structure/22522.sdf
32463,C19H11N,data/compound/structure/32463.sdf
34210,C15H13NO,data/compound/structure/34210.sdf
20205,C5H10O2,data/compound/structure/20205.sdf
42121,C15H13ClO3,data/compound/structure/42121.sdf
32398,C16H17N,data/compound/structure/32398.sdf
34881,C13H18O3,data/compound/structure/34881.sdf
21337,C12H12INO3,data/compound/structure/21337.sdf
32651,C10H15Cl3N4,data/compound/structure/32651.sdf
32519,C10H17NO3S,data/compound/structure/32519.sdf
20966,C20H19NO6,data/compound/structure/20966.sdf
24466,C11H10Cl2N4,data/compound/structure/24466.sdf
21774,C12H17NO3,data/compound/structure/21774.sdf
20458,C23H24ClN3O2,data/compound/structure/20458.sdf
21164,C15H26O,data/compound/structure/21164.sdf
25010,C16H34O,data/compound/structure/25010.sdf
22731,C11H17N4S+,data/compound/structure/22731.sdf
24081,C26H44KNO7S,data/compound/structure/24081.sdf
35180,C5H7BrN7+,data/compound/structure/35180.sdf
47322,C24H29NO8,data/compound/structure/47322.sdf
47265,C18H39N5O12S,data/compound/structure/47265.sdf
47266,C12H19ClN2O2,data/compound/structure/47266.sdf
24170,C14H25NO2,data/compound/structure/24170.sdf
32442,C10H11Cl6N3,data/compound/structure/32442.sdf
20930,C6H12O,data/compound/structure/20930.sdf
34300,C7H13NO4,data/compound/structure/34300.sdf
34961,C11H4Cl8N4,data/compound/structure/34961.sdf
34465,C19H16N2O5,data/compound/structure/34465.sdf
34492,C13H21NO2,data/compound/structure/34492.sdf
47284,C12H17N2NaO3,data/compound/structure/47284.sdf
47359,C10H7N3O3S,data/compound/structure/47359.sdf
21026,C7H7NO3,data/compound/structure/21026.sdf
27041,C14H30I2N4O2,data/compound/structure/27041.sdf
21254,C12H16AsCl2NS2,data/compound/structure/21254.sdf
47565,C25H31ClN4O5S,data/compound/structure/47565.sdf
25145,C29H34O6,data/compound/structure/25145.sdf
34223,C27H30O3,data/compound/structure/34223.sdf
34849,C18H21N5O+2,data/compound/structure/34849.sdf
41376,C14H23N7S,data/compound/structure/41376.sdf
36299,C7H10N2,data/compound/structure/36299.sdf
42209,C30H44ClN3O3,data/compound/structure/42209.sdf
47334,C12H26Cl2N2,data/compound/structure/47334.sdf
47335,C12H24N2,data/compound/structure/47335.sdf
47325,C16H17Cl2N3,data/compound/structure/47325.sdf
24523,H2,data/compound/structure/24523.sdf
22370,C9H9Cl3N2,data/compound/structure/22370.sdf
21301,C18H23ClN2O,data/compound/structure/21301.sdf
23412,C12H20BrNO,data/compound/structure/23412.sdf
29241,C5H10NS2Tl,data/compound/structure/29241.sdf
23901,C12H10Cl6O,data/compound/structure/23901.sdf
21030,C11H16,data/compound/structure/21030.sdf
22332,C5H10S2,data/compound/structure/22332.sdf
21975,C19H18CaN2O9,data/compound/structure/21975.sdf
24085,Cl2Hg,data/compound/structure/24085.sdf
21864,C5HCl5O2,data/compound/structure/21864.sdf
20439,C5H6ClN3OS,data/compound/structure/20439.sdf
20160,C19H21ClFN3O,data/compound/structure/20160.sdf
23902,C8H20N2,data/compound/structure/23902.sdf
34877,C25H32N2O,data/compound/structure/34877.sdf
21464,C17H27N2O+,data/compound/structure/21464.sdf
21135,C9H17NO,data/compound/structure/21135.sdf
20770,C12H11AsO2,data/compound/structure/20770.sdf
47357,C10H8F3NO,data/compound/structure/47357.sdf
21237,C16H14N4O2,data/compound/structure/21237.sdf
21028,C11H14O2,data/compound/structure/21028.sdf
26029,C4H8N6,data/compound/structure/26029.sdf
20430,C9H15ClN4O,data/compound/structure/20430.sdf
23977,Co2,data/compound/structure/23977.sdf
24143,C10H12,data/compound/structure/24143.sdf
21645,ClH4NO,data/compound/structure/21645.sdf
27635,C13H14BrN5,data/compound/structure/27635.sdf
35341,C36H46Br2N2,data/compound/structure/35341.sdf
25486,C28H16Cl8O8,data/compound/structure/25486.sdf
22187,C10H15NO,data/compound/structure/22187.sdf
24241,C20H11NO2,data/compound/structure/24241.sdf
24107,C18H17ClN2O,data/compound/structure/24107.sdf
24059,C18H21ClN2,data/compound/structure/24059.sdf
47276,C21H29IN2O,data/compound/structure/47276.sdf
32355,C15H12N2O2,data/compound/structure/32355.sdf
21094,C10H13ClN2O,data/compound/structure/21094.sdf
34456,C14H16I3NO3,data/compound/structure/34456.sdf
29879,C13H11ClO,data/compound/structure/29879.sdf
22527,C23H32Cl3N3O,data/compound/structure/22527.sdf
21771,C21H28ClN,data/compound/structure/21771.sdf
47252,C15H21BrN2+2,data/compound/structure/47252.sdf
22413,C17H10O,data/compound/structure/22413.sdf
20371,C11H14O3,data/compound/structure/20371.sdf
32572,C17H24ClN,data/compound/structure/32572.sdf
20299,C21H36NO+,data/compound/structure/20299.sdf
47327,C20H14O2,data/compound/structure/47327.sdf
47303,C18H23NO2,data/compound/structure/47303.sdf
47288,C20H15NO,data/compound/structure/47288.sdf
34872,C13H18O2,data/compound/structure/34872.sdf
21336,C11H9NO3,data/compound/structure/21336.sdf
20232,C10H10FNO4,data/compound/structure/20232.sdf
32502,C9H14O3,data/compound/structure/32502.sdf
22341,C9H15Cl2N3O,data/compound/structure/22341.sdf
22828,C32H28N4O8S2,data/compound/structure/22828.sdf
23990,V,data/compound/structure/23990.sdf
23869,C14H18ClNO2S,data/compound/structure/23869.sdf
24272,C10H12N4O,data/compound/structure/24272.sdf
32359,C11H14N2O,data/compound/structure/32359.sdf
20961,C13H18N2O,data/compound/structure/20961.sdf
34627,C10H16O,data/compound/structure/34627.sdf
24164,C14H25NO2,data/compound/structure/24164.sdf
21780,C12H13N3O,data/compound/structure/21780.sdf
23878,C19H21N,data/compound/structure/23878.sdf
20311,C11H16O4,data/compound/structure/20311.sdf
21137,C34H38N2O4,data/compound/structure/21137.sdf
37495,C9H9Br,data/compound/structure/37495.sdf
44203,C18H18N2O,data/compound/structure/44203.sdf
20348,C10H7NO4,data/compound/structure/20348.sdf
21834,C15H14N6O3,data/compound/structure/21834.sdf
47297,C10H18N6O2S,data/compound/structure/47297.sdf
32365,C7H14N2O3,data/compound/structure/32365.sdf
32555,C11H19NO,data/compound/structure/32555.sdf
20528,C16H13NO3,data/compound/structure/20528.sdf
27236,C18H23NO4S,data/compound/structure/27236.sdf
20529,C13H30Cl2N3O3P,data/compound/structure/20529.sdf
47299,C12H6Cl2O,data/compound/structure/47299.sdf
24359,C5H4ClNO2,data/compound/structure/24359.sdf
40755,C27H44Cl3NO3,data/compound/structure/40755.sdf
24065,C22H30N2O2+2,data/compound/structure/24065.sdf
21717,C13H18O2,data/compound/structure/21717.sdf
20894,C6H15N5,data/compound/structure/20894.sdf
20426,C14H9Br3Cl2,data/compound/structure/20426.sdf
22308,C23H31NO2,data/compound/structure/22308.sdf
38298,C18H18N2O,data/compound/structure/38298.sdf
24999,C8H15ClO2,data/compound/structure/24999.sdf
47319,C53H72N2O12+2,data/compound/structure/47319.sdf
20431,C28H20N2Na2O8S2,data/compound/structure/20431.sdf
25523,Ca3O5Si,data/compound/structure/25523.sdf
20617,C6H3BrCl2O,data/compound/structure/20617.sdf
20152,C9H20N+,data/compound/structure/20152.sdf
22777,C14H14N2O2,data/compound/structure/22777.sdf
47312,C18H18N2O4S,data/compound/structure/47312.sdf
30698,C33H46O8,data/compound/structure/30698.sdf
47333,C9H20O4S2,data/compound/structure/47333.sdf
25881,C12H16ClNO3,data/compound/structure/25881.sdf
23645,C9H9BrClNS2,data/compound/structure/23645.sdf
20654,C17H28,data/compound/structure/20654.sdf
26728,C13H9NO,data/compound/structure/26728.sdf
24869,C6H8O2,data/compound/structure/24869.sdf
20863,C13H20ClN3,data/compound/structure/20863.sdf
37208,C9H9Cl2NO2,data/compound/structure/37208.sdf
21244,C7H12O,data/compound/structure/21244.sdf
20220,C18H21N3O,data/compound/structure/20220.sdf
23556,C8H6O2,data/compound/structure/23556.sdf
26525,C31H34ClNO2,data/compound/structure/26525.sdf
26726,C22H36N2O4S,data/compound/structure/26726.sdf
24930,Cr2O12S3,data/compound/structure/24930.sdf
23845,C11H17NO3,data/compound/structure/23845.sdf
20710,C17H23NO4,data/compound/structure/20710.sdf
20740,C16H26,data/compound/structure/20740.sdf
47291,C15H15ClN2O,data/compound/structure/47291.sdf
20283,C12H24,data/compound/structure/20283.sdf
23652,C14H30,data/compound/structure/23652.sdf
22519,C11H17N2O+,data/compound/structure/22519.sdf
22588,C19H42OSi,data/compound/structure/22588.sdf
24538,H8N2O4S,data/compound/structure/24538.sdf
20262,C12H11N5,data/compound/structure/20262.sdf
27441,C18H14,data/compound/structure/27441.sdf
32673,C6H4Cl6N4,data/compound/structure/32673.sdf
20606,C11H22BrNO,data/compound/structure/20606.sdf
47528,C8H9N3O4,data/compound/structure/47528.sdf
24431,C21H14N4O2,data/compound/structure/24431.sdf
47261,C12H24N2S2,data/compound/structure/47261.sdf
20105,C11H21N5S,data/compound/structure/20105.sdf
20290,C34H52N2O4+2,data/compound/structure/20290.sdf
21256,C10H14AsNO3,data/compound/structure/21256.sdf
47309,C12H13NO4,data/compound/structure/47309.sdf
32004,C12H10ClN3,data/compound/structure/32004.sdf
21125,C14H11ClN2O,data/compound/structure/21125.sdf
47310,C12H13Br2NO4,data/compound/structure/47310.sdf
40112,C19H31NO2,data/compound/structure/40112.sdf
20910,C4H7Br,data/compound/structure/20910.sdf
25453,C14H29NaO3S,data/compound/structure/25453.sdf
20168,C26H24O6,data/compound/structure/20168.sdf
29289,C20H29Cl3N2S,data/compound/structure/29289.sdf
38939,C15H25N,data/compound/structure/38939.sdf
24112,C12H14CaO4,data/compound/structure/24112.sdf
24051,C8H10N2O2,data/compound/structure/24051.sdf
47394,C13H29N,data/compound/structure/47394.sdf
37708,C13H15NO6,data/compound/structure/37708.sdf
37709,C21H27N9O6,data/compound/structure/37709.sdf
31863,C44H84K2N2O23P2,data/compound/structure/31863.sdf
20189,C13H18Cl2N2O2,data/compound/structure/20189.sdf
47304,C16H22N2O,data/compound/structure/47304.sdf
26076,BeH8N2O10,data/compound/structure/26076.sdf
37706,C8H5Cl2NO4,data/compound/structure/37706.sdf
31860,C13H26N2O3,data/compound/structure/31860.sdf
47553,C8H11N3O2,data/compound/structure/47553.sdf
42400,C19H21ClN2,data/compound/structure/42400.sdf
47337,C15H30N2,data/compound/structure/47337.sdf
47315,C10H7Cl2NO4,data/compound/structure/47315.sdf
40713,C9H9ClO,data/compound/structure/40713.sdf
20601,C15H11N3O,data/compound/structure/20601.sdf
32358,C13H20N2O6,data/compound/structure/32358.sdf
21948,C12H19NO3,data/compound/structure/21948.sdf
32327,C29H36O4,data/compound/structure/32327.sdf
22267,C21H27NO,data/compound/structure/22267.sdf
39223,C9H17ClN3O3PS,data/compound/structure/39223.sdf
21086,C19H23ClN2O,data/compound/structure/21086.sdf
20449,C5H6O2,data/compound/structure/20449.sdf
32683,C9H16O2,data/compound/structure/32683.sdf
20249,C13H18F2N2O2,data/compound/structure/20249.sdf
32344,C12H12N4,data/compound/structure/32344.sdf
34818,C20H43N2O2+,data/compound/structure/34818.sdf
23950,Ru,data/compound/structure/23950.sdf
32578,C18H27NO,data/compound/structure/32578.sdf
24209,C24H50O2S2,data/compound/structure/24209.sdf
24652,C22H31NS2,data/compound/structure/24652.sdf
20573,C34H47NO10,data/compound/structure/20573.sdf
22360,C9H5N5O2,data/compound/structure/22360.sdf
34187,C2H4Cl2N4O4,data/compound/structure/34187.sdf
20576,C8H15N,data/compound/structure/20576.sdf
20465,C5H9NO2,data/compound/structure/20465.sdf
22536,C11H10Cl2N2O5,data/compound/structure/22536.sdf
22442,C8H15NO2,data/compound/structure/22442.sdf
20182,C27H36N2O3,data/compound/structure/20182.sdf
22325,C10H16,data/compound/structure/22325.sdf
47598,C25H25NO4,data/compound/structure/47598.sdf
20154,C8H18N+,data/compound/structure/20154.sdf
34855,C12H16N2,data/compound/structure/34855.sdf
24299,C9H10ClN3S,data/compound/structure/24299.sdf
25133,AuCl3H4O2,data/compound/structure/25133.sdf
20442,C11H18N2O8,data/compound/structure/20442.sdf
27608,C16H20N2O,data/compound/structure/27608.sdf
26640,C12H20N+,data/compound/structure/26640.sdf
27268,C23H29ClN4O,data/compound/structure/27268.sdf
44572,C14H21Cl2N3O2,data/compound/structure/44572.sdf
20373,C9H12O3S,data/compound/structure/20373.sdf
47535,C18H22ClNO2,data/compound/structure/47535.sdf
37523,C16H25NOS,data/compound/structure/37523.sdf
24035,C16H26N2,data/compound/structure/24035.sdf
34392,C20H16N2O4,data/compound/structure/34392.sdf
27991,C46H64N14O12S2,data/compound/structure/27991.sdf
24317,C9H18,data/compound/structure/24317.sdf
20479,C4H11BO2,data/compound/structure/20479.sdf
20627,C12H10N2O2,data/compound/structure/20627.sdf
47246,C18H28N2+2,data/compound/structure/47246.sdf
20450,C12H6O4,data/compound/structure/20450.sdf
47526,C8H10Cl2,data/compound/structure/47526.sdf
47527,C17H18ClN5O6,data/compound/structure/47527.sdf
32544,C18H27N,data/compound/structure/32544.sdf
37712,C16H17NO4,data/compound/structure/37712.sdf
38732,C18H17ClN2O4,data/compound/structure/38732.sdf
32550,C19H28FN,data/compound/structure/32550.sdf
32605,C30H48Cl2N2+2,data/compound/structure/32605.sdf
26214,C12H16N2,data/compound/structure/26214.sdf
32392,C16H13N,data/compound/structure/32392.sdf
34973,C12H8Cl6N4,data/compound/structure/34973.sdf
20207,C8H16O2,data/compound/structure/20207.sdf
22049,C20H20O7,data/compound/structure/22049.sdf
20869,C10H15ClN6O,data/compound/structure/20869.sdf
27640,C11H15NS2,data/compound/structure/27640.sdf
26081,C16H27NO4,data/compound/structure/26081.sdf
34286,C5H6OS,data/compound/structure/34286.sdf
20755,C10H16O2,data/compound/structure/20755.sdf
21238,C34H24BaCl2N4O8S2,data/compound/structure/21238.sdf
34303,C16H26O,data/compound/structure/34303.sdf
23581,C12H14O3,data/compound/structure/23581.sdf
29055,C18H27ClN2O3,data/compound/structure/29055.sdf
47271,C17H29IN2O2,data/compound/structure/47271.sdf
47280,FeLiSi,data/compound/structure/47280.sdf
23871,C18H20Cl2O2,data/compound/structure/23871.sdf
34545,C14H14N2,data/compound/structure/34545.sdf
47358,C11H9ClO4,data/compound/structure/47358.sdf
20267,C13H9NO,data/compound/structure/20267.sdf
34580,C20H21N3S,data/compound/structure/34580.sdf
20560,C5H9NO,data/compound/structure/20560.sdf
47264,C25H19NO2,data/compound/structure/47264.sdf
22422,C34H48ClNO11,data/compound/structure/22422.sdf
20453,C8H14Cl3O5P,data/compound/structure/20453.sdf
20959,C10H18O,data/compound/structure/20959.sdf
20807,C9H5Cl2N3O,data/compound/structure/20807.sdf
20480,C4H8O4S,data/compound/structure/20480.sdf
34609,C6H11ClO,data/compound/structure/34609.sdf
32393,C15H16ClN,data/compound/structure/32393.sdf
20827,C3H7BrO2,data/compound/structure/20827.sdf
24242,C13H21NO3,data/compound/structure/24242.sdf
32655,C9H13Cl3N4,data/compound/structure/32655.sdf
32646,C7H9Cl3N4,data/compound/structure/32646.sdf
40788,C15H14O4,data/compound/structure/40788.sdf
24460,CrO4Pb,data/compound/structure/24460.sdf
32493,C13H13AsO,data/compound/structure/32493.sdf
32113,C15H14O2,data/compound/structure/32113.sdf
32498,C16H19AsS,data/compound/structure/32498.sdf
47272,C17H29N2O2+,data/compound/structure/47272.sdf
24913,C7H9O3P,data/compound/structure/24913.sdf
29871,C11H14,data/compound/structure/29871.sdf
32601,C12H16O2,data/compound/structure/32601.sdf
32548,C15H23NO,data/compound/structure/32548.sdf
24315,C11H21N,data/compound/structure/24315.sdf
32372,C21H20N2O2,data/compound/structure/32372.sdf
20699,C17H12S,data/compound/structure/20699.sdf
25805,C6H14N2O,data/compound/structure/25805.sdf
25895,C16H17NO4S,data/compound/structure/25895.sdf
34676,C10H14ClN,data/compound/structure/34676.sdf
32488,C21H23ClN2O2,data/compound/structure/32488.sdf
32354,C27H24Cl2N4,data/compound/structure/32354.sdf
47338,C18H29ClN2,data/compound/structure/47338.sdf
20921,C10H9NO3,data/compound/structure/20921.sdf
47301,C16H19NO2,data/compound/structure/47301.sdf
22174,C8H11NO,data/compound/structure/22174.sdf
20620,C8H7ClO2,data/compound/structure/20620.sdf
20392,C9H8O4,data/compound/structure/20392.sdf
20069,C16H20N4O5,data/compound/structure/20069.sdf
24261,O2Si,data/compound/structure/24261.sdf
20485,C21H24N2O2,data/compound/structure/20485.sdf
32647,C8H11Cl3N4,data/compound/structure/32647.sdf
41248,C16H24N2,data/compound/structure/41248.sdf
21126,C4H5N3O8,data/compound/structure/21126.sdf
20137,C4H7ClO2,data/compound/structure/20137.sdf
20582,C12H14N2,data/compound/structure/20582.sdf
20916,C6H15Br2N3S,data/compound/structure/20916.sdf
20209,C6H11ClO2,data/compound/structure/20209.sdf
47540,C14H21NO2,data/compound/structure/47540.sdf
47592,C18H19NO3,data/compound/structure/47592.sdf
32459,C12H6Cl7N3S,data/compound/structure/32459.sdf
24234,C14H21ClFNO2,data/compound/structure/24234.sdf
32532,C17H24N2O2,data/compound/structure/32532.sdf
21239,C17H13ClN2O4S,data/compound/structure/21239.sdf
25091,C19H17F3N2O,data/compound/structure/25091.sdf
24337,C21H23NO2,data/compound/structure/24337.sdf
20407,C12H12N2O2S,data/compound/structure/20407.sdf
21248,C22H36I2N4O4S2,data/compound/structure/21248.sdf
20790,C9H9NOS2,data/compound/structure/20790.sdf
22361,C10H7N5O2,data/compound/structure/22361.sdf
32554,C36H39N,data/compound/structure/32554.sdf
22265,C9H14ClNO2,data/compound/structure/22265.sdf
32552,C24H29F2N,data/compound/structure/32552.sdf
24276,C9H10ClN3S,data/compound/structure/24276.sdf
32520,Cr5O12,data/compound/structure/32520.sdf
20607,C11H21NO,data/compound/structure/20607.sdf
32580,C24H38I2N2,data/compound/structure/32580.sdf
23848,C10H15N2NaO8,data/compound/structure/23848.sdf
32352,C19H22N2O,data/compound/structure/32352.sdf
47542,C19H23NO2,data/compound/structure/47542.sdf
47281,FeSi-,data/compound/structure/47281.sdf
47278,C22H36O5,data/compound/structure/47278.sdf
22448,C6H11NO2,data/compound/structure/22448.sdf
39336,C27H36N2O2,data/compound/structure/39336.sdf
27921,C19H23NO2,data/compound/structure/27921.sdf
21781,C11H22N2O3,data/compound/structure/21781.sdf
21952,C16H16Cl6N2O2,data/compound/structure/21952.sdf
20510,C15H10O5,data/compound/structure/20510.sdf
41623,C23H38N2O3,data/compound/structure/41623.sdf
20867,C9H13Cl2N5,data/compound/structure/20867.sdf
20764,C25H26N2O,data/compound/structure/20764.sdf
24160,C17H31NO2,data/compound/structure/24160.sdf
23998,Fm,data/compound/structure/23998.sdf
26261,C6H10Cl2O,data/compound/structure/26261.sdf
21322,C9H9NO4,data/compound/structure/21322.sdf
34972,C11H5Cl6N5O2,data/compound/structure/34972.sdf
21995,C12H20N2,data/compound/structure/21995.sdf
32581,C24H38N2+2,data/compound/structure/32581.sdf
47372,C13H14O4,data/compound/structure/47372.sdf
20089,C29H31ClN4O9,data/compound/structure/20089.sdf
21986,C7H6ClN7,data/compound/structure/21986.sdf
32611,C9H20O4,data/compound/structure/32611.sdf
32376,C20H17ClN2O2,data/compound/structure/32376.sdf
24174,C13H11CaCl2O4+,data/compound/structure/24174.sdf
20420,C10H13Cl,data/compound/structure/20420.sdf
32569,C19H32ClN,data/compound/structure/32569.sdf
23951,Sm,data/compound/structure/23951.sdf
20628,C18H20N4O2,data/compound/structure/20628.sdf
20446,C10H10O,data/compound/structure/20446.sdf
20247,C19H21NO4,data/compound/structure/20247.sdf
24163,C14H26ClNO2,data/compound/structure/24163.sdf
32525,C10H20ClN,data/compound/structure/32525.sdf
22111,C26H18N4O8S2,data/compound/structure/22111.sdf
41097,C22H42N2O4,data/compound/structure/41097.sdf
47379,C12H28ClN,data/compound/structure/47379.sdf
40363,C16H25ClN2O2,data/compound/structure/40363.sdf
23897,C16H24N2O2,data/compound/structure/23897.sdf
34402,C19H13ClN2O4,data/compound/structure/34402.sdf
32390,C16H14N+,data/compound/structure/32390.sdf
32549,C19H29BrFN,data/compound/structure/32549.sdf
24109,C15H29NO8,data/compound/structure/24109.sdf
24154,C6H13NO5,data/compound/structure/24154.sdf
32638,C9H8Cl6N4O,data/compound/structure/32638.sdf
24211,C18H16O7,data/compound/structure/24211.sdf
32464,C18H18O6,data/compound/structure/32464.sdf
38666,C15H11BrCl2N2,data/compound/structure/38666.sdf
24266,FNa2O3P,data/compound/structure/24266.sdf
21166,C13H19ClN2O2,data/compound/structure/21166.sdf
20347,C7H12O,data/compound/structure/20347.sdf
32470,C8H7Cl6N3S,data/compound/structure/32470.sdf
24259,C6H4N2O2,data/compound/structure/24259.sdf
20819,C10H11N4Na2O8P,data/compound/structure/20819.sdf
20791,C2H8ClN3O,data/compound/structure/20791.sdf
20122,C4H8N2O3,data/compound/structure/20122.sdf
32329,C17H23NO2,data/compound/structure/32329.sdf
24280,C20H30O2,data/compound/structure/24280.sdf
32500,C7H16INO,data/compound/structure/32500.sdf
34956,C13H18Cl6N4,data/compound/structure/34956.sdf
24235,C14H20FNO2,data/compound/structure/24235.sdf
32613,C9H10Cl6N4,data/compound/structure/32613.sdf
21100,C10H15NO3,data/compound/structure/21100.sdf
20855,C7H15NS2,data/compound/structure/20855.sdf
24270,BNaO3,data/compound/structure/24270.sdf
24151,C8H14O2,data/compound/structure/24151.sdf
23936,Nb,data/compound/structure/23936.sdf
24316,C10H12N5O7P,data/compound/structure/24316.sdf
26223,C16H25NO2,data/compound/structure/26223.sdf
34673,C18H21ClN2OS,data/compound/structure/34673.sdf
32645,C8H6Cl6N4,data/compound/structure/32645.sdf
21389,C19H20N6O,data/compound/structure/21389.sdf
20686,C6H8N2,data/compound/structure/20686.sdf
24177,C11H11NOS,data/compound/structure/24177.sdf
26665,C6H2Br4O,data/compound/structure/26665.sdf
47391,C12H28ClN,data/compound/structure/47391.sdf
32482,C20H23NO3,data/compound/structure/32482.sdf
20541,C23H30Cl2N2,data/compound/structure/20541.sdf
34401,C19H13ClN2O4,data/compound/structure/34401.sdf
34612,C19H20ClNO3,data/compound/structure/34612.sdf
22927,C35H25N6Na3O13S3,data/compound/structure/22927.sdf
32386,C10H13MgN4O14P3,data/compound/structure/32386.sdf
34928,C15H28ClN5,data/compound/structure/34928.sdf
34588,C20H25ClN2O,data/compound/structure/34588.sdf
34664,CH7N3O3,data/compound/structure/34664.sdf
24239,C7H5N3O2,data/compound/structure/24239.sdf
24101,C9H13NO5,data/compound/structure/24101.sdf
47374,C10H23N,data/compound/structure/47374.sdf
22292,C10H7NaO3,data/compound/structure/22292.sdf
23826,C5H8Cl2O,data/compound/structure/23826.sdf
24304,C12H15N3O,data/compound/structure/24304.sdf
34364,C17H18ClN3O,data/compound/structure/34364.sdf
27397,C8H15NO3,data/compound/structure/27397.sdf
32497,C14H15AsS,data/compound/structure/32497.sdf
22018,C13H22N2O3,data/compound/structure/22018.sdf
24344,INaO3,data/compound/structure/24344.sdf
21395,C11H14N2O2,data/compound/structure/21395.sdf
24175,C39H81NO2,data/compound/structure/24175.sdf
21097,C6H14ClN,data/compound/structure/21097.sdf
25599,C17H20N4O2,data/compound/structure/25599.sdf
20319,C25H15ClO6,data/compound/structure/20319.sdf
32600,C10H14CoN2O8,data/compound/structure/32600.sdf
24338,C7H8AsN2NaO4,data/compound/structure/24338.sdf
34503,C14H16I3NO3,data/compound/structure/34503.sdf
34930,C17H16ClN5,data/compound/structure/34930.sdf
34586,C12H6Cl2O2,data/compound/structure/34586.sdf
32553,C36H40ClN,data/compound/structure/32553.sdf
32690,C27H26ClNO2,data/compound/structure/32690.sdf
29874,C12H12N2O4,data/compound/structure/29874.sdf
34590,C7H10N2,data/compound/structure/34590.sdf
24086,C22H27O5-,data/compound/structure/24086.sdf
24245,C4H6N4O4,data/compound/structure/24245.sdf
40002,C8H18N2,data/compound/structure/40002.sdf
32379,C8H10N2O,data/compound/structure/32379.sdf
24102,C7H8AlO4+,data/compound/structure/24102.sdf
32628,C9H9Cl3N4,data/compound/structure/32628.sdf
24159,C17H32ClNO2,data/compound/structure/24159.sdf
24238,C42H70O35,data/compound/structure/24238.sdf
32562,C12H20N2O3,data/compound/structure/32562.sdf
32649,C9H13Cl3N4,data/compound/structure/32649.sdf
24489,Na2O4S2,data/compound/structure/24489.sdf
25680,C6Br3Cl3,data/compound/structure/25680.sdf
32551,C24H30ClF2N,data/compound/structure/32551.sdf
46970,C13H21IN2O2,data/compound/structure/46970.sdf
21385,C6H7Cl2N3O2,data/compound/structure/21385.sdf
21332,C10H12NO+,data/compound/structure/21332.sdf
22253,C5H10O5,data/compound/structure/22253.sdf
28038,C21H14,data/compound/structure/28038.sdf
20243,C23H33NO2,data/compound/structure/20243.sdf
34653,C15H23NO,data/compound/structure/34653.sdf
23892,C12H18Cl4N4,data/compound/structure/23892.sdf
21409,C17H22ClNO2,data/compound/structure/21409.sdf
26031,Cl4Pt,data/compound/structure/26031.sdf
27932,C4H8N2O,data/compound/structure/27932.sdf
25219,C16H12Cl2,data/compound/structure/25219.sdf
31864,C44H80N2O15,data/compound/structure/31864.sdf
34737,C20H30N2O2,data/compound/structure/34737.sdf
20794,C9H17NO2,data/compound/structure/20794.sdf
34695,C8H10,data/compound/structure/34695.sdf
25178,C22H32N2,data/compound/structure/25178.sdf
34212,C23H26ClNO5,data/compound/structure/34212.sdf
47313,C18H16N2O3,data/compound/structure/47313.sdf
24048,C5H7N3O2,data/compound/structure/24048.sdf
47283,C12H12BrN2+,data/compound/structure/47283.sdf
47368,C10H8Cl2N2O2,data/compound/structure/47368.sdf
47259,C21H28ClNO,data/compound/structure/47259.sdf
47351,C10H24Pb,data/compound/structure/47351.sdf
47347,C23H38O5,data/compound/structure/47347.sdf
47320,C65H82N2O18S2,data/compound/structure/47320.sdf
47355,C12H12FNO,data/compound/structure/47355.sdf
21217,C14H20N2O,data/compound/structure/21217.sdf
47270,C13H21N2O2+,data/compound/structure/47270.sdf
47290,C15H13ClNNaO3,data/compound/structure/47290.sdf
47339,C18H28N2,data/compound/structure/47339.sdf
47341,C21H26N2,data/compound/structure/47341.sdf
47387,C13H30ClN,data/compound/structure/47387.sdf
47311,C19H19Br2NO4,data/compound/structure/47311.sdf
47348,C17H14O7,data/compound/structure/47348.sdf
47364,C5H11AsO2,data/compound/structure/47364.sdf
47251,C15H21Br3N2,data/compound/structure/47251.sdf
20501,C8H6O5,data/compound/structure/20501.sdf
47349,C17H23N3O3,data/compound/structure/47349.sdf
47363,C20H19N5,data/compound/structure/47363.sdf
20537,C18H18,data/compound/structure/20537.sdf
34150,C29H45NO9,data/compound/structure/34150.sdf
47342,C21H27ClN2,data/compound/structure/47342.sdf
23796,C14H16ClNOS,data/compound/structure/23796.sdf
24827,C6H10O3,data/compound/structure/24827.sdf
47257,C12H20ClNO,data/compound/structure/47257.sdf
47362,C10H10N4O6S,data/compound/structure/47362.sdf
47353,C19H33NOSi,data/compound/structure/47353.sdf
42416,C18H20BrNO2,data/compound/structure/42416.sdf
22959,C22H46N+,data/compound/structure/22959.sdf
27923,C7H10,data/compound/structure/27923.sdf
34742,C5H10O2,data/compound/structure/34742.sdf
47360,C9H10ClNO,data/compound/structure/47360.sdf
26900,C19H32N2O,data/compound/structure/26900.sdf
37185,C10H12ClNO2,data/compound/structure/37185.sdf
47367,C12H2Cl6O2,data/compound/structure/47367.sdf
47389,C13H28ClN,data/compound/structure/47389.sdf
34566,C14H14N2O2,data/compound/structure/34566.sdf
32537,C17H24BrClFN,data/compound/structure/32537.sdf
47377,C11H26ClN,data/compound/structure/47377.sdf
47381,C12H28ClN,data/compound/structure/47381.sdf
47371,C13H14O4,data/compound/structure/47371.sdf
20653,C7H14O2,data/compound/structure/20653.sdf
27403,C20H23ClIN3OS,data/compound/structure/27403.sdf
35204,C9H14BrN3,data/compound/structure/35204.sdf
20811,C8H20N2,data/compound/structure/20811.sdf
21150,C7H16N2,data/compound/structure/21150.sdf
